Product ID	Product Name	Type	Supplier	Brand	Location (see company C-code )	Ingredients	Product Name on UI	Product Description on UI	Features on UI	Ingredients on UI	Flow Calibration [ml/tick]	Notes	URL
P-0	WATER	Water				WATER	Water	Quench your thirst with the refreshing purity of Vancouver water. Derived from pristine mountain springs and cascading rivers, this liquid jewel captures the essence of nature itself. Its crisp and clean taste revitalizes your senses, offering a revitalizing embrace of clarity and hydration. Experience the essence of Vancouver in every sip.		Rain, mist, snow, ice	7.1		
P-1		Dish	Jusu	Jusu									
P-2		Hand	Jusu	Jusu									
P-3		Dish	Jusu	Jusu							6.0		
P-4				Jusu									
P-5	Free & Clear Dish Soap	Dish	VIP	EchoClean	C-2, C-3, C-4, C-9	Aqua (filtered water), Sodium Laureth Sulfate* (cleaning agent), Cocamidopropylamine Oxide* (cleaning agent), Sodium Chloride (viscosity modifier), Benzisothiazolinone (preservative) *Plant-based Ingredients	EchoClean Free and Clear<br>Dish Soap	Cuts through grease and tough residue, leaving your dishes sparkling. Designed for hand-washing dishes, pots, and pans.<br>Phosphate-free<br>100% biodegradable<br><br>No petroleum-based cleaners	Plant-based<br> PETA certified<br> 100% biodegradable	Aqua (filtered water), Sodium Laureth Sulfate* (cleaning agent), Cocamidopropylamine Oxide* (cleaning agent), Sodium Chloride (viscosity modifier), Benzisothiazolinone (preservative) *Plant-based Ingredients	6.3		https://drive.google.com/uc?export=view&id=1mk4sBq10m_low1L3M-q-XBftwsAl0Dec
P-6	Tangerine Dish Soap	Dish	VIP	EchoClean	C-2. C-3, C-4, C-5, C-9	Aqua, Sodium Lauryl Sulphate, Laureth-7*, Cocamidopropylamine Oxide*, Cocamidopropyl Betaine*, Decyl Glucoside*, Sodium Chloride, Citrus Reticulata Blanco Oil, Citrus Paradisi Oil, Citrus Aurantium L. Leaf Oil, Benzisothiazolinone. *Plant-based and biodegradable ingredients.	EchoClean Tangerine<br>Dish Soap	Cuts through grease and tough residue, leaving your dishes sparkling. Designed for hand-washing dishes, pots, and pans.<br>Phosphate-free<br>100% biodegradable<br><br>No petroleum-based cleaners	Plant-based<br> PETA certified<br> 100% biodegradable	Aqua, Sodium Lauryl Sulphate, Laureth-7*, Cocamidopropylamine Oxide*, Cocamidopropyl Betaine*, Decyl Glucoside*, Sodium Chloride, Citrus Reticulata Blanco Oil, Citrus Paradisi Oil, Citrus Aurantium L. Leaf Oil, Benzisothiazolinone. *Plant-based and biodegradable ingredient.	6.0		https://drive.google.com/uc?export=view&id=1mJD-0S9c3PHCVFkBgeurpyRrSpMbwpH4
P-7	Lavender Laundry Detergent	Laundry	VIP	EchoClean	C-2, C-3, C-4, C-5, C-9	Water (diluent), Laureth-7 (cleaning agent), Sodium Lauryl Sulfate (cleaning agent), Sodium Oleate (foam control agent), Sodium Citrate (chelating agent), Glycerin (processing aid), Protease Enzyme (soil remover), Sodium Chloride ( viscosity adjuster), Calcium Chloride (enzyme stabilizer), Amylase Enzyme (soil remover), Mannanase Enzyme  (soil remover), Lipase Enzyme (soil remover), Citric Acid (pH adjuster), Benzisothiazolinone (preservative), Sodium Carbonate (pH adjuster), Fragrance	EchoClean Lavender<br>Laundry Detergent	Fights tough dirt and stains: no dyes, no perfumes.<br>Plant-based<br>PETA certified<br>No artificial perfumes	Plant-based<br> PETA certified<br> 100% biodegradable	Water (diluent), Laureth-7 (cleaning agent), Sodium Lauryl Sulfate (cleaning agent), Sodium Oleate (foam control agent), Sodium Citrate (chelating agent), Glycerin (processing aid), Protease Enzyme (soil remover), Sodium Chloride ( viscosity adjuster), Calcium Chloride (enzyme stabilizer), Amylase Enzyme (soil remover), Mannanase Enzyme  (soil remover), Lipase Enzyme (soil remover), Citric Acid (pH adjuster), Benzisothiazolinone (preservative), Sodium Carbonate (pH adjuster), Fragrance	5.7		https://drive.google.com/uc?export=view&id=1mHmXzSv9cFrwtZpa4y330VCjpSoiMAaa
P-8	Free & Clear Laundry Detergent	Laundry	VIP	EchoClean	C-2, C-3, C-4, C-5,	Water (diluent), Laureth-7 (cleaning agent), Sodium Lauryl Sulfate (cleaning agent), Sodium Oleate (foam control agent), Sodium Citrate (chelating agent), Glycerin (processing aid), Protease Enzyme (soil remover), Sodium Chloride ( viscosity adjuster), Calcium Chloride (enzyme stabilizer), Amylase Enzyme (soil remover), Mannanase Enzyme  (soil remover), Lipase Enzyme (soil remover), Citric Acid (pH adjuster), Benzisothiazolinone (preservative), Sodium Carbonate (pH adjuster)	EchoClean Free and Clear<br>Laundry Detergent	Fights tough dirt and stains: no dyes, no perfumes.<br>Plant-based<br>PETA certified<br>No artificial perfumes	Plant-based<br> PETA certified<br> 100% biodegradable	Water (diluent), Laureth-7 (cleaning agent), Sodium Lauryl Sulfate (cleaning agent), Sodium Oleate (foam control agent), Sodium Citrate (chelating agent), Glycerin (processing aid), Protease Enzyme (soil remover), Sodium Chloride ( viscosity adjuster), Calcium Chloride (enzyme stabilizer), Amylase Enzyme (soil remover), Mannanase Enzyme  (soil remover), Lipase Enzyme (soil remover), Citric Acid (pH adjuster), Benzisothiazolinone (preservative), Sodium Carbonate (pH adjuster)	5.8		https://drive.google.com/uc?export=view&id=1mFlF3nuVyW0ShMDARHcI0SbGce9a4npB
P-9			Nada	Gentle Earth									
P-10		Hand	Nada	Live for Tomorrow							6.4		
P-11			Nada	Oneka							6.5		
P-12	Dish Soap Grapefruit 2X	Dish	Nada	Live for Tomorrow	C-8	Purified Water, Sodium Methyl -2-Sulfolaurate/Disodium 2-Sulfolaurate, Lauramine Oxide, Caprylyl/Myristyl Glucoside, Glycerine, Citrus Paradisi , Sodium Chloride, Sodium Carbonate, Potassium Sorbate, Citric Acid , Sodium Hydroxide/Sodium Chloride/Sodium Carbonate	Live for Tomorrow Dish Soap<br>Grapefruit	This plant & mineral based, non-toxic dish liquid tackles<br>the greasiest of dishes. A little bit goes a long way! For use in your<br>sink, NOT your dishwasher. 	Plant-based<br> PETA certified<br> 100% biodegradable	Purified Water, Sodium Methyl -2-Sulfolaurate/Disodium 2-Sulfolaurate, Lauramine Oxide, Caprylyl/Myristyl Glucoside, Glycerine, Citrus Paradisi , Sodium Chloride, Sodium Carbonate, Potassium Sorbate, Citric Acid , Sodium Hydroxide/Sodium Chloride/Sodium Carbonate	6.0		https://drive.google.com/uc?export=view&id=1n83jT-vIWBzT9SCoKxhrbj7s2HIST6MX
P-13		Hair	Nada	Oneka							6.5		
P-14		Hair		Oneka									
P-15		Body Lotion		Oneka							4.6		
P-16		Laundry		Live for Tomorrow									
P-17		Laundry		Live for Tomorrow									
P-18		Dish		Nature Clean									
P-19		Dish		Nature Clean							5.8		
P-20		Laundry		Nature Clean							6.0		
P-21	Scent-Free Dish Soap	Dish	Re-Up Refills	Puretergent	C-7	Water, Sodium Methyl-2-Sulfolaurate and Disodium 2-Sulfolaurate, Alkyl Polyglucoside, Lauramine Oxide, Sambucus Nigra Fruit Extract, Witch Hazel Distillate, Sodium Chloride, Aloe Vera Extract, Nigra Fruit Extract. Algae Oil.	Puretergent Scent-Free<br>Dish Soap	This hard-working dish soap lathers well, and works great on tough grease. 	Biodegradable<br>Greywater Safe<br>Non-toxic	Water, Sodium Methyl-2-Sulfolaurate and Disodium 2-Sulfolaurate, Alkyl Polyglucoside, Lauramine Oxide, Sambucus Nigra Fruit Extract, Witch Hazel Distillate, Sodium Chloride, Aloe Vera Extract, Nigra Fruit Extract. Algae Oil.			https://drive.google.com/uc?export=view&id=1n4AfdmMgiRJwSIKVWNkPtnw7Ur_nMbhx
P-22	Scent-Free Laundry Detergent 	Laundry	Re-Up Refills	Puretergent	C-7	Water, Taraxacum Officinal, Aloe Vera Extract, Polyaspartic Acid Sodium Salt,  Iminodisuccinate Sodium Salt, Alkyl Polyglucoside, C9-11 Pareth-6.	Puretergent Scent-Free<br>Laundry Detergent 	Our 2X concentrated, scent-free laundry detergent leaves your<br>clothes wonderfully clean without all the nasty chemical stuff. 	Biodegradable<br>Greywater Safe<br>Non-toxic	Water, Taraxacum Officinal, Aloe Vera Extract, Polyaspartic Acid Sodium Salt,  Iminodisuccinate Sodium Salt, Alkyl Polyglucoside, C9-11 Pareth-6.			https://drive.google.com/uc?export=view&id=1n2EssuFRDjYkrHscEqRzaJsYB392DOjF
P-23	Scent-Free Hand soap	Hand	Re-Up Refills	Puretergent	C-7	Water, Sodium C14-16 Olefin Sulfonate, Sodium Methyl-2-Sulfolaurate and Disodium 2-Sulfolaurate, Alkyl Polyglucoside, Cocamidopropyl Betaine, Lauryl Lactyl Lactate, Sodium Chloride, Sambucus Nigra Fruit Extract, Aloe Vera Extract, Algae Oil.	Puretergent Scent-Free<br>Hand soap	Our scent-free hand soap leaves your hands wonderfully<br>clean without all the nasty chemical stuff. 	Biodegradable<br>Greywater Safe<br>Non-toxic	Water, Sodium C14-16 Olefin Sulfonate, Sodium Methyl-2-Sulfolaurate and Disodium 2-Sulfolaurate, Alkyl Polyglucoside, Cocamidopropyl Betaine, Lauryl Lactyl Lactate, Sodium Chloride, Sambucus Nigra Fruit Extract, Aloe Vera Extract, Algae Oil.			https://drive.google.com/uc?export=view&id=1n1xjHpxHfdGWycLDQ_CSpe3huPlsWRYo
P-24	Scent-Free All Purpose Cleaner	All purpose	Re-Up Refills	Puretergent	C-7	Water, C9-11 Pareth-6, Witch Hazel Distillate, Iminodisuccinate Sodium Salt, Glycol Ether, Herbal Distillate Lavender Fragrance: Linalyl Acetate, Lavandin Oil , Lavender Oil, Sambucus Nigra Fruit Extract.	Puretergent Scent-Free<br>All Purpose Cleaner	This All Purpose Cleaner packs a cleaning punch. Great all over the home — for floors, surfaces, and bathrooms.  	Biodegradable<br>Greywater Safe<br>Non-toxic	Water, C9-11 Pareth-6, Witch Hazel Distillate, Iminodisuccinate Sodium Salt, Glycol Ether, Herbal Distillate Lavender Fragrance: Linalyl Acetate, Lavandin Oil , Lavender Oil, Sambucus Nigra Fruit Extract.			https://drive.google.com/uc?export=view&id=1n0lAKkunyNyY6qZxgtiB4zb50GWL03lL
P-25	10x Laundry	Laundry		Puracy		C10-C16 Alcohol Ethoxylate (Plant-Based Cleanser), Purified Water, Decyl Glucoside (Vegetable-Based Cleanser), Lauryl/Myristyl Glucoside (Coconut Oil-Based Cleanser), Vegetable Glycerin (Plant-Based Softener), Protease (Plant-Based Enzyme), Cocamidopropyl Betaine (Coconut-Based Cleanser), Propanediol (Plant-Based Preservative), Amylase (Plant-Based Enzyme), Sodium Gluconate (Plant-Based Softener), Sodium Borate (Natural Mineral Cleanser), Lauramine Oxide (Coconut-Based Cleanser), Lipase (Plant-Based Enzyme), Coco-Glucoside (Coconut-Based Cleanser), Glyceryl Oleate (Plant-Based Softener), Sodium Citrate (Plant-Based Softener), Benzisothiazolinone (Biodegradable Preservative), Carboxy Inulin (Plant-Based Softener), Mannanase (Plant-Based Enzyme), Citric Acid (Plant-Based Softener), Zinc Ricinoleate (Mineral-Based Odor Remover), Calcium Chloride (Natural Mineral Stabilizer)	Puracy <br>Laundry Detergent	Safe for sensitive skin, 10x concentrated to last. <br> Eliminates stains, odors, sweat, and dirt from 96 full loads of the dirtiest laundry.<br><br>Vegan Friendly<br>Cruelty Free<br>Sulfate and Paraben Free	Vegan Friendly<br>Cruelty Free<br>Sulfate and Paraben Free	C10-C16 Alcohol Ethoxylate (Plant-Based Cleanser), Purified Water, Decyl Glucoside (Vegetable-Based Cleanser), Lauryl/Myristyl Glucoside (Coconut Oil-Based Cleanser), Vegetable Glycerin (Plant-Based Softener), Protease (Plant-Based Enzyme),Lipase (Plant-Based Enzyme),Sodium Citrate (Plant-Based Softener),Calcium Chloride (Natural Mineral Stabilizer) and more			https://drive.google.com/uc?export=view&id=1mwWWN5Dd-irS0KhPt-7XKBi9gqdTeAeV
P-26		All purpose		Mrs. Meyer's									
P-27	Unscented Hypoallergenic Laundry Detergent 	Laundry	Unpacked Living	Rustic Strength	C-11	Charcoal Filtered Deionized Water (Water), Cocamidopropyl Hydroxysultaine, Sodium C14-16 Olefin Sulfonate, Decyl Glucoside, Vegetable Glycerin (Glycerin), Dimethyl 9-decenamide, Caprylyl Capryl Glucoside, Cocamide MIPA, Pentasodium Pentetate, Polysorbate 20, Acrylate Copolymer, Methylisothiazolinone, Benzisothiazolinone 	Rustic Strength Unscented<br>Hypoallergenic Laundry Detergent 	A gentle, yet effective laundry detergent with mild ingredients that<br>are not irritating to sensitive skin, and does not<br>disrupt the endocrine system.	HE Biodegradable<br>pH balanced<BR>Plant-based formula 	Charcoal Filtered Deionized Water (Water), Cocamidopropyl Hydroxysultaine, Sodium C14-16 Olefin Sulfonate, Decyl Glucoside, Vegetable Glycerin (Glycerin), Dimethyl 9-decenamide, Caprylyl Capryl Glucoside, Cocamide MIPA, Pentasodium Pentetate, Polysorbate 20, Acrylate Copolymer, Methylisothiazolinone, Benzisothiazolinone 	6.0		
P-27	Unscented Hypoallergenic Laundry Detergent 	Laundry	Unpacked Living	Rustic Strength	C-11	Charcoal Filtered Deionized Water (Water), Cocamidopropyl Hydroxysultaine, Sodium C14-16 Olefin Sulfonate, Decyl Glucoside, Vegetable Glycerin (Glycerin), Dimethyl 9-decenamide, Caprylyl Capryl Glucoside, Cocamide MIPA, Pentasodium Pentetate, Polysorbate 20, Acrylate Copolymer, Methylisothiazolinone, Benzisothiazolinone 	Rustic Strength Unscented<br>Hypoallergenic Laundry Detergent 	A gentle, yet effective laundry detergent with mild ingredients that<br>are not irritating to sensitive skin, and does not<br>disrupt the endocrine system.	HE Biodegradable<br>pH balanced<BR>Plant-based formula 	Charcoal Filtered Deionized Water (Water), Cocamidopropyl Hydroxysultaine, Sodium C14-16 Olefin Sulfonate, Decyl Glucoside, Vegetable Glycerin (Glycerin), Dimethyl 9-decenamide, Caprylyl Capryl Glucoside, Cocamide MIPA, Pentasodium Pentetate, Polysorbate 20, Acrylate Copolymer, Methylisothiazolinone, Benzisothiazolinone 	5.3		
P-28		Laundry	Unpacked Living 	Rustic Strength							6.8		
P-28		Laundry	Unpacked Living 	Rustic Strength							6.4		
P-29	Plain Jane Unscented Hand Soap  	Hand	Unpacked Living 	Rustic Strength	C-11	Filtered deionized water, Alpha-OlefinC14-C16, Cocamidopropyl Hydroxysultaine, Cocamide MIPA, Decyl Glucoside, Sea Salt, Glycerine, Sodium Benzoate, Potassium Sorbate	Rustic Strength Plain Jane<br>Unscented Hand Soap  	Hand soap like you’ve never felt before, soft and cleansing.<br>It’s healthy for you and the environment. With just 10 simple<br>ingredients, this hand soap has no harmful chemicals.	No Parabens or Phthalates<br>No Synthetic Dyes<br>No Sulfates	Filtered deionized water, Alpha-OlefinC14-C16, Cocamidopropyl Hydroxysultaine, Cocamide MIPA, Decyl Glucoside, Sea Salt, Glycerine, Sodium Benzoate, Potassium Sorbate	6.0		
P-29	Plain Jane Unscented Hand Soap  	Hand	Unpacked Living 	Rustic Strength	C-11	Filtered deionized water, Alpha-OlefinC14-C16, Cocamidopropyl Hydroxysultaine, Cocamide MIPA, Decyl Glucoside, Sea Salt, Glycerine, Sodium Benzoate, Potassium Sorbate	Rustic Strength Plain Jane<br>Unscented Hand Soap  	Hand soap like you’ve never felt before, soft and cleansing.<br>It’s healthy for you and the environment. With just 10 simple<br>ingredients, this hand soap has no harmful chemicals.	No Parabens or Phthalates<br>No Synthetic Dyes<br>No Sulfates	Filtered deionized water, Alpha-OlefinC14-C16, Cocamidopropyl Hydroxysultaine, Cocamide MIPA, Decyl Glucoside, Sea Salt, Glycerine, Sodium Benzoate, Potassium Sorbate	6.5		
P-30	Unscented Hypoallergenic Dishes Great Soap 	Dish	Unpacked Living	Rustic Strength	C-11	Filtered deionized water, ethoxylated alcohol surfactants, ZINC1760476, aminodimethyloctyl-1-ol, natural sea salt, Sodium Benzoate, Potassium Sorbate	Rustic Strength Unscented<br>Hypoallergenic Dish Soap	This is a high foaming, low skin irritant liquid dish detergent<br>used for glasses, plates, cutlery and cooking utensils that you<br>hand wash in a kitchen sink or bowl. 	HE Biodegradable<br>pH balanced<BR>Plant-based formula 	Filtered deionized water, ethoxylated alcohol surfactants, ZINC1760476, aminodimethyloctyl-1-ol, natural sea salt, Sodium Benzoate, Potassium Sorbate	6.7		
P-30	Unscented Hypoallergenic Dishes Great Soap 	Dish	Unpacked Living	Rustic Strength	C-11	Filtered deionized water, ethoxylated alcohol surfactants, ZINC1760476, aminodimethyloctyl-1-ol, natural sea salt, Sodium Benzoate, Potassium Sorbate	Rustic Strength Unscented<br>Hypoallergenic Dish Soap	This is a high foaming, low skin irritant liquid dish detergent<br>used for glasses, plates, cutlery and cooking utensils that you<br>hand wash in a kitchen sink or bowl. 	HE Biodegradable<br>pH balanced<BR>Plant-based formula 	Filtered deionized water, ethoxylated alcohol surfactants, ZINC1760476, aminodimethyloctyl-1-ol, natural sea salt, Sodium Benzoate, Potassium Sorbate	6.7		
P-31		Hand		Aloe-moist									
P-32													
P-33	Dish Soap Unscented	Dish	Nada	Live for tomorrow	C-8	Purified Water, Sodium Methyl 2-Sulfolaurate/Disodium 2-Sulfolaurate, Lauramine Oxide, Caprylyl/Myristyl Glucoside  Glycerine , Sodium Chloride, Sodium Carbonate , Potassium Sorbate , Citric Acid, Sodium Hydroxide/Sodium Chloride/Sodium Carbonate	Live for Tomorrow Dish Soap<br>Unscented	This plant & mineral based, non-toxic dish liquid tackles the<br>greasiest of dishes. A little bit goes a long way! For use in your<br>sink, NOT your dishwasher.		Purified Water, Sodium Methyl 2-Sulfolaurate/Disodium 2-Sulfolaurate, Lauramine Oxide, Caprylyl/Myristyl Glucoside  Glycerine , Sodium Chloride, Sodium Carbonate , Potassium Sorbate , Citric Acid, Sodium Hydroxide/Sodium Chloride/Sodium Carbonate	6.7		https://drive.google.com/uc?export=view&id=1mqsMKaDIBRPPJcZBqZfH7D97EpqE3Ohx
P-34	Citrus Hand Soap 	Hand 	VIP	EchoClean	C-5 C-9	Water, Sodium Laureth Sulfate*, Cocamidopropyl Betaine*, Cocamidopropylamine Oxide*, PEG-150 Distearate*, Sodium Chloride, Fragrance, Methylisothiazolinone. *Plant-based Ingredients.	EchoClean Citrus <br>Hand Soap	This gentle and effective hand soap will leave you feeling<br>clean with a light citrus scent.	Plant-based<br>PETA certified<br>100% biodegradable	Water, Sodium Laureth Sulfate*, Cocamidopropyl Betaine*, Cocamidopropylamine Oxide*, PEG-150 Distearate*, Sodium Chloride, Fragrance, Methylisothiazolinone. *Plant-based Ingredients.	5.9		https://drive.google.com/uc?export=view&id=1mqoxosmidrQ35Gr3xD1k6_SCRTd8JyLi
P-35	Hand Soap Lavender 	Hand	Nada	Live for Tomorrow	C-8	Purified Water, Lauramine Oxide, Sodium Methyl -2-Sulfolaurate Disodium 2-Sulfolaurate, Lauryl/Myristyl Glucoside, Coco Glucoside, Glyceryl Oleate, Glycerine, Cocamidopropyl Hydroxysultaine, Lavandula Hybrida, Potassium Sorbate	Live for Tomorrow Hand Soap<br>Lavender	The refreshing scent of this hand soap is created using 100%<br>essential oils. A natural formula to leave your hands soft & clean!		Purified Water, Lauramine Oxide, Sodium Methyl -2-Sulfolaurate Disodium 2-Sulfolaurate, Lauryl/Myristyl Glucoside, Coco Glucoside, Glyceryl Oleate, Glycerine, Cocamidopropyl Hydroxysultaine, Lavandula Hybrida, Potassium Sorbate	6.4		https://drive.google.com/uc?export=view&id=1mqfI4HC8AZFH7_IThLXhWKVf0bdYj3ji
P-36	Hand Soap Rosemary Orange Blossom	Hand	Nada	Live for Tomorrow	C-8	Purified Water, Lauramine Oxide, Sodium Methyl -2-Sulfolaurate Disodium 2-Sulfolaurate, Lauryl/Myristyl Glucoside, Coco Glucoside, Glyceryl Oleate, Glycerine, Cocamidopropyl Hydroxysultaine, Rosmarinus Officinalis Leaf Oil, Lavandula Hybrida Oil, Salvia Sclarea Oil, Citrus Aurantium Dulcis Peel Oil, Potassium Sorbate	Live for Tomorrow Hand Soap<br>Rosemary + Orange Blossom	The refreshing scent of this hand soap is created using 100%<br>essential oils. A natural formula to leave your hands soft & clean!		Purified Water, Lauramine Oxide, Sodium Methyl -2-Sulfolaurate Disodium 2-Sulfolaurate, Lauryl/Myristyl Glucoside, Coco Glucoside, Glyceryl Oleate, Glycerine, Cocamidopropyl Hydroxysultaine, Rosmarinus Officinalis Leaf Oil, Lavandula Hybrida Oil, Salvia Sclarea Oil, Citrus Aurantium Dulcis Peel Oil, Potassium Sorbate	6.2		https://drive.google.com/uc?export=view&id=1mqauIzQwMCmroXo7bn37DISPH5Q7DwtD
P-37		Laundry	NADA-US								6.2		
P-38		All purpose	NADA-US								6.4		
P-39		Dish	NADA-US								6.6		
P-40		Hand	NADA-US								6.2		
P-41		Shampoo	NADA-US								5.7		
P-42		Conditioner	NADA-US								5.5		
P-43		Cleanser	Pomme	Sapadilla									
P-44	Hand Soap Sweet Lavender + Lime	Hand	Pomme	Sapadilla	C-10	Water, Cocamidopropyl Betaine, Decyl Glucoside, Glycerin, PEG-18 Glyceryl Oleate/Cocoate, Sorbitan Sesquicaprylate, Lavandula Angustifolia Oil, Lavandula Hybrida Oil, Citrus Limon Peel Oil, Citrus Aurantium Bergamia Fruit Oil, Citrus Aurantifolia Peel Oil, Citrus Grandis Peel Extract, Rosmarinus Officinalis Leaf Oil, Phenoxyethanol, Potassium Sorbate, Citric Acid, D-limonene, Linalool	Sapadilla Hand Soap<br>Sweet Lavender + Lime	This extra nice, biodegradable and earth-friendly liquid hand<br>soap keeps things simple with plant-based ingredients,<br> vegetable glycerin and blend of 100% pure essential oils.	USDA Organic Certified<br>100% Pure Essential Oils<br>Plant-Based + Biodegradable	Water, Cocamidopropyl Betaine, Decyl Glucoside, Glycerin, PEG-18 Glyceryl Oleate/Cocoate, Sorbitan Sesquicaprylate, Lavandula Angustifolia Oil, Lavandula Hybrida Oil, Citrus Limon Peel Oil, Citrus Aurantium Bergamia Fruit Oil, Citrus Aurantifolia Peel Oil, Citrus Grandis Peel Extract, Rosmarinus Officinalis Leaf Oil, Phenoxyethanol, Potassium Sorbate, Citric Acid, D-limonene, Linalool	5.8		https://drive.google.com/uc?export=view&id=1mpnhq1Z-jiIRQZAKv3HLIshIBA7T5uyu
P-45		Dish	Pomme	Sapadilla									
P-46		Laundry	Pomme	Sapadilla									
P-47		Shower	Pomme	Oneka							6.0		
P-48	Hand Soap Rosemary + Peppermint	Hand	Pomme	Sapadilla	C-10	Water, Cocamidopropyl Betaine, Decyl Glucoside, Glycerin, PEG-18 Glyceryl Oleate/Cocoate, Sorbitan, Sesquicaprylate, Mentha Piperita, Mentha Arvensis Leaf Oil, Rosmarinus Officinalis Leaf Oil, Citrus Sinensis Peel Oil, Eugenia Caryophyllus Flower Oil, Phenoxyethanol, Potassium Sorbate, Citric Acid	Sapadilla Hand Soap<br>Rosemary + Peppermint	This extra nice, biodegradable and earth-friendly liquid hand<br>soap keeps things simple with plant-based ingredients,<br> vegetable glycerin and blend of 100% pure essential oils.	USDA Organic Certified<br>100% Pure Essential Oils<br>Plant-Based + Biodegradable	Water, Cocamidopropyl Betaine, Decyl Glucoside, Glycerin, PEG-18 Glyceryl Oleate/Cocoate, Sorbitan, Sesquicaprylate, Mentha Piperita, Mentha Arvensis Leaf Oil, Rosmarinus Officinalis Leaf Oil, Citrus Sinensis Peel Oil, Eugenia Caryophyllus Flower Oil, Phenoxyethanol, Potassium Sorbate, Citric Acid			https://drive.google.com/uc?export=view&id=1mnn1KRzCiz3gzw0d_2Agx6KEuN3WLHZl
P-49	Hand Soap Grapefruit + Bergamot	Hand	Pomme	Sapadilla	C-10	Water, Cocamidopropyl Betaine, Decyl Glucoside, Glycerin, PEG-18 Glyceryl Oleate/Cocoate, Sorbitan, Sesquicaprylate, Citrus Limon Peel Oil, Litsae Cubeba Fruit Oil, Citrus Aurantium, Bergamia Fruit Oil, Citrus Grandis, Peel Extract, Citrus Sinensis Peel Oil, Phenoxyethanol, Potassium Sorbate, Citric Acid, D-limonene 	Sapadilla Hand Soap<br>Grapefruit + Bergamot 	This extra nice, biodegradable and earth-friendly liquid hand<br>soap keeps things simple with plant-based ingredients,<br> vegetable glycerin and blend of 100% pure essential oils.	USDA Organic Certified<br>100% Pure Essential Oils<br>Plant-Based + Biodegradable	Water, Cocamidopropyl Betaine, Decyl Glucoside, Glycerin, PEG-18 Glyceryl Oleate/Cocoate, Sorbitan, Sesquicaprylate, Citrus Limon Peel Oil, Litsae Cubeba Fruit Oil, Citrus Aurantium, Bergamia Fruit Oil, Citrus Grandis, Peel Extract, Citrus Sinensis Peel Oil, Phenoxyethanol, Potassium Sorbate, Citric Acid, D-limonene 			https://drive.google.com/uc?export=view&id=1mnM2Ep7hNMxifTxAMf_iYRHSfu8KUAG_
P-50	Hand Soap	Hand	Pomme	The Unscented Company		Aqua, Sodium Laureth Sulfate, Glycerin*, Cocamidopropyl Betaine*, Sodium Chloride, Glycereth-2 Cocoate*, Benzyl Alcohol, Ethylhexylglycerin, Tocopherol	The Unscented Company<br>Hand Soap	Fragrance, dye and paraben free hand soap that is<br>easy on your senses and gentle for your skin. 	Certified Leaping Bunny<br>Made in Canada<br>Certified BCorp	Aqua(Water/Eau), Sodium Laureth Sulfate*, Cocamidopropyl Betaine*, Glycerin*, Glycereth-2 Cocoate*, Sodium Benzoate, Potassium Sorbate, Levulinic Acid*, Sodium Gluconate, Citric Acid*, Sodium Chloride*.<br><br>* Made from 91.6% naturally derived ingredients.			https://drive.google.com/uc?export=view&id=1Gnwvi7byzOAS7ZVU4aysG5oFV-KXCiiw
P-51	Dish Soap	Dish	Pomme	The Unscented Company	C-10, C-1	Aqua, Sodium Laureth Sulfate, Dodecylbenzene Sulfonic Acid, Glycerin, Decyl/Undecyl Glucoside, Laureth-9, Alcohol, Benzyl Alcohol, Lauramine Oxide, Trisodium Dicarboxymethyl Alaninate, Ethylhexylglycerin, Tocopheryl Acetate	The Unscented Company<br>Dish Soap	Keeps your dishes and our waterways squeaky clean. This<br>fragrance, dye and phosphate free dish soap is tough<br>on grease but gentle on your hands, 	Certified Leaping Bunny<br>Made in Canada<br>Certified BCorp	Aqua, Sodium Laureth Sulfate, Dodecylbenzene Sulfonic Acid, Glycerin, Decyl/Undecyl Glucoside, Laureth-9, Alcohol, Benzyl Alcohol, Lauramine Oxide, Trisodium Dicarboxymethyl Alaninate, Ethylhexylglycerin, Tocopheryl Acetate	5.8		https://drive.google.com/uc?export=view&id=1mfM45VKU-6ZFKPQS0-iNGgLqeR2cXk-8
P-52	Green Tea & Lime Dish Soap	Dish	Good Filling	Puracy	C-1	Purified Water, Lauryl/Myristyl Glucoside , Cocamidopropyl Hydroxysultaine, Sodium Lauroamphoacetate , Lauramine Oxide, Sodium Chloride, Vegetable Glycerin, Benzisothiazolinone, Tetrasodium Glutamate Diacetate, Sodium Lauroyl Sarcosinate, Natural Fragrance, Citric Acid, Sodium Citrate, Himalayan Pink Sea Salt, Aloe Barbadensis 	Puracy Green Tea and Lime<br>Dish Soap	Green tea and lime dish soap from Puracy. Powerful &<br>concentrated to do more cleaning with less. Safe & natural<br>leaving hands soft and dishes sparkling, no gloves required.<br><br>Cruelty-Free<br>Phosphate Free<br>Plant Based	Cruelty-Free<br>Phosphate Free<br>Plant Based	Purified Water, Lauryl/Myristyl Glucoside , Cocamidopropyl Hydroxysultaine, Sodium Lauroamphoacetate , Lauramine Oxide, Sodium Chloride, Vegetable Glycerin, Benzisothiazolinone, Tetrasodium Glutamate Diacetate, Sodium Lauroyl Sarcosinate, Natural Fragrance, Citric Acid, Sodium Citrate, Himalayan Pink Sea Salt, Aloe Barbadensis 			https://drive.google.com/uc?export=view&id=1mf0ovqN-_ltrIHSD1Jh8iq0CfiruizNE
P-53	Lavender & Vanilla Natural Hand Soap	Hand	Good Filling	Puracy	C-1	Purified water, Lauryl glucoside, Sodium methyl cocoyl taurate, Sodium lauroamphoacetate, Cocamidopropyl hydroxysultaine, Sodium lauryl glucose carboxylate, Coco-glucoside, Glyceryl oleate, Diheptyl succinate and Capryloyl glycerin/sebacic acid copolymer, Decyl glucoside, Vegetable glycerin, Propanediol, Ethylhexylglycerin, Caprylyl glycol, Caprylhydroxamic acid, Aloe barbadensis leaf juice, Lavender essential oil, Citric acid, Sodium citrate, Sodium benzoate, Himalayan pink sea salt, Vanillin	Puracy Lavender and Vanilla<br>Hand Soap	Lavender & vanilla natural gel hand soap made by Puracy.<br>Plants, minerals, water, and your dirty hands combine to<br>produce a surprisingly clean you can instantly feel.<br><br>99.6% Natural<br>Cruelty Free<br>Sulfate and Paraben Free	99.6% Natural<br>Cruelty Free<br>Sulfate and Paraben Free	Purified water, Lauryl glucoside, Sodium methyl cocoyl taurate, Sodium lauroamphoacetate, Cocamidopropyl hydroxysultaine, Sodium lauryl glucose carboxylate, Coco-glucoside, Glyceryl oleate, Diheptyl succinate and Capryloyl glycerin/sebacic acid copolymer, Decyl glucoside, Vegetable glycerin, Propanediol, Ethylhexylglycerin, Caprylyl glycol, Caprylhydroxamic acid, Aloe barbadensis leaf juice, Lavender essential oil, Citric acid, Sodium citrate, Sodium benzoate, Himalayan pink sea salt, Vanillin			https://drive.google.com/uc?export=view&id=1maSosdUlGs0qGd_exQw5uEpxdcMbsf0Z
P-54	Surface Cleaner Concentrate Lemongrass	All purpose	Good Filling	Puracy	C-1	Purified water, Decyl glucoside, C10-C16 Alcohol ethoxylate, Benzisothiazolinone, Sodium citrate, Natural fragrance, Citric acid<br><br>Instructions:<br>Add 7 parts water per 1 part of Puracy Natural Surface Cleaner, mix and enjoy. 	Puracy Surface Cleaner<br>Concentrate Lemongrass	7x concentrated natural multi-surface cleaner from Puracy.<br>The natural, all-around-the-house, general-purpose cleaner.<br>Engineered to be tough on dirt & grime, but gentle on skin.<br><br>99.9% Natural<br>Sulfate and Phosphate Free<br>Vegan	99.9% Natural<br>Sulfate and Phosphate Free<br>Vegan	Purified water, Decyl glucoside, C10-C16 Alcohol ethoxylate, Benzisothiazolinone, Sodium citrate, Natural fragrance, Citric acid<br><br>Instructions:<br>Add 7 parts water per 1 part of Puracy Natural Surface Cleaner, mix and enjoy. 			https://drive.google.com/uc?export=view&id=1mKmz3QrXcrn1Sd55opy8mclGsGAbMtP5
P-55	Natural Laundry Detergent	Laundry	Good Filling	Seventh Generation	C-1	Water, Laureth-6, Sodium Lauryl Sulfate, Sodium Citrate, Glycerin, Sodium Chloride, Sodium Oleate, Protease enzyme blend, Calcium Chloride, Amylase, Mannanase, Citric Acid, Methylisothiazolinone, Octylisothiazolinone	Seventh Generation Natural<br>Laundry Detergent	Tough on stains and made from plant-based ingredients. With<br>no dyes, optical brighteners or fragrances, Seventh Generation Laundry Detergent<br>gives you great results in HE machines.	Plant-Based<br>Safer Choice Certified<br>Hypoallergenic	Water, Laureth-6, Sodium Lauryl Sulfate, Sodium Citrate, Glycerin, Sodium Chloride, Sodium Oleate, Protease enzyme blend, Calcium Chloride, Amylase, Mannanase, Citric Acid, Methylisothiazolinone, Octylisothiazolinone			https://drive.google.com/uc?export=view&id=1mKJkxH8R6DLdaxI2z7AAmUmCABi8HZuN
P-56	All purpose Cleaner	All purpose		The Unscented Company		Aqua (Water/Eau), Sodium Laureth Sulfate, Decyl Glucoside, Dipropylene Glycol, Potassium Oleate, Sodium Methylglycinediacetate, Benzisothiazolone	The Unscented Company<br>All Purpose Cleaner	All-around clean for a fresh start. This all purpose cleaner is a must-have for your everyday cleaning in the kitchen, bathroom, or anywhere else in the house. The perfect side-kick to tackle your chores! Fragrance, dye and phosphate free<br>Fragrance, dye and Phosphate free. 	Certified Leaping Bunny<br>Made in Canada<br>Certified BCorp	Aqua (Water/Eau), Sodium Laureth Sulfate, Decyl Glucoside, Dipropylene Glycol, Potassium Oleate, Sodium Methylglycinediacetate, Benzisothiazolone			https://drive.google.com/uc?export=view&id=1GHrp71Q5Kc4ngKmtSMufVneL09WD-kAQ
P-57	Laundry Detergent	Laundry		The Unscented Company		Aqua (Water/Eau), Sodium Carbonate, Sodium Polyacrylate, Sodium Laureth Sulfate, MEA-Oleate, Coco-Glucoside, Trisodium Dicarboxymethyl Alaninate, Sodium Caprylyl Sulfate	The Unscented Company<br>Laundry Detergent	Load after load of fluffy goodness. Powerful, tough on stains, colour-safe and effective even in cold water, our biodegradable concentrated laundry detergent is suitable for both HE and standard washers. Made with plant-based ingredients and packaged in 25% Post Consumer Plastic, this hypoallergenic formula is cloth diaper friendly. Fragrance, dye and phosphate free	Certified Leaping Bunny<br>Made in Canada<br>Certified BCorp	Aqua (Water/Eau), Sodium Carbonate, Sodium Polyacrylate, Sodium Laureth Sulfate, MEA-Oleate, Coco-Glucoside, Trisodium Dicarboxymethyl Alaninate, Sodium Caprylyl Sulfate			https://drive.google.com/uc?export=view&id=1WBENQauIYXgIpSJ6CNYh7qRg6Mb8ZZhO
P-58				JUSU									
P-59				JUSU									
P-60				JUSU							6.2		
P-61				JUSU							5.9		
P-62	Hand	Hand		Echoclean									
P-63	Hand	Hand		The Bare Home							6.1		
P-64	Dish	Dish		The Bare Home							5.6		
P-65	All purpose	All purpose		The Bare Home									
P-66	Laundry	Laundry		The Bare Home									
P-67	Hand	Hand		The Goodfill							5.5		
P-68	Laundry	Laundry		The Goodfill									
P-69	Dish	Dish		The Goodfill							5.8		
P-70	Hand	Hand		The Bare Home							6.1		
P-71	Lemon Laundry Detergent	Laundry	Unpacked Living 	Rustic Strengh	C-11	Charcoal filtered deionized water, Cocamidopropyl Hydroxysultaine, Sodium C14-16 Olefin Sulfonate, Decyl Glucoside, Vegetable Glycerin, Dimethyl 9-decenamide, Caprylyl Capryl Glucoside, Cocamide MIPA, Pentasodium Pentetate, Polysorbate 20, Acrylate Copolymer, Methylisothiazolinone, Benzisothiazolinone	Rustic Strength Lemon<br>Laundry Detergent	A gentle, yet effective laundry detergent with mild ingredients<br>that will leave your clothes clean and fresh lemon scented. 	HE Biodegradable<br>pH balanced<BR>Plant-based formula 	Charcoal filtered deionized water, Cocamidopropyl Hydroxysultaine, Sodium C14-16 Olefin Sulfonate, Decyl Glucoside, Vegetable Glycerin, Dimethyl 9-decenamide, Caprylyl Capryl Glucoside, Cocamide MIPA, Pentasodium Pentetate, Polysorbate 20, Acrylate Copolymer, Methylisothiazolinone, Benzisothiazolinone			
P-72	Mint Laundry 	Laundry		Mint	C-13		Mint Laundry Detergent 	All natural, biodegradable liquid laundry detergent, infused with lavender and mint essential oils. Safe to use for both top loader and HE machines.					
P-73	Mint All Purpose	All purpose		Mint	C-13		Mint All Purpose Cleaner 	All purpose cleaner made with natural grease fighting properties, infused with lemon, cedar, mint, bergamot and tea tree essential oils. Safe to use on all surfaces.					
P-74	Mint Glass Cleaner 	Glass		Mint	C-13		Mint Glass Cleaner	All natural window cleaner that won’t leave streaks. Use on glass, stainless steel, faucets and mirrors to give a polished shine. Can also be used as an after shower spray preventing mildew and soap scum forming on glass showers. Infused with mint essential oil.					
P-75	Mint Dish Soap 	Dish		Mint	C-13		Mint Dish Soap 	All natural biodegradable dish soap that’s tough on grease and long lasting. Strong enough on pots and pans, and gentle enough to wash your hands. Infused with citrus and mint essential oils. Safe on all surfaces.					
P-76													
P-77													
P-78	Conditioner	Conditioner	NADA	Oneka									
P-79	Laundry	Laundry	NADA	Live For Tomorrow									
P-80	Laundry	Laundry	NADA	Live For Tomorrow									
P-81	Conditioner	Conditioner	NADA	Oneka									
P-82	Laundry Liquid Fragrance Free 	Laundry	The Big Carrot	Nature Clean	C-14	Aqua/Water/Eau, Decyl Glucoside, Sodium Citrate, Cellulose Gum, Sodium Chloride, Methylisothiazolinone	Nature Clean<br>Fragance Free	Gets your clothes clean using only naturally derived, powerful ingredients. Nature Clean® Liquid Laundry is fragrance-free and hypoallergenic; perfect for people with sensitive skin. It's made without phosphates, enzymes, potentially dangerous sulphates (SLES), chlorine, optical brighteners, synthetic perfumes, dyes or any animal ingredients	Gluten Free<br>Biodegradable<br>Cruelty Free Vegan<br>Dermatologist Tested<br>USDA Certified	Aqua/Water/Eau, Decyl Glucoside, Sodium Citrate, Cellulose Gum, Sodium Chloride, Methylisothiazolinone			
P-83	Laundry Liquid Lemon Verbena 	Laundry	The Big Carrot	Nature Clean	C-14	Aqua/Water/Eau, Decyl Glucoside, Sodium Citrate, Cellulose Gum, Magnesium Nitrate, Magnesium Chloride, Litsea Cubeba Fruit Oil, Citrus Medica Limonum (Lemon) Peel Oil, Sodium Chloride, Methylchloroisothiazolinone, Methylisothiazolinone	Nature Clean<br>Lemon Verbena	Gets clothes clean using only naturally derived / powerful ingredients. Nature Clean® Liquid Laundry is truly hypoallergenic and perfect for people with sensitive skin. It's made without phosphates, enzymes, dangerous sulphates (SLES), chlorine, optical brighteners, synthetic perfumes, dyes or any animal ingredients.	Gluten Free<br>Biodegradable<br>Cruelty Free Vegan<br>Dermatologist Tested<br>USDA Certified	Aqua/Water/Eau, Decyl Glucoside, Sodium Citrate, Cellulose Gum, Magnesium Nitrate, Magnesium Chloride, Litsea Cubeba Fruit Oil, Citrus Medica Limonum (Lemon) Peel Oil, Sodium Chloride, Methylchloroisothiazolinone, Methylisothiazolinone			
P-84	Dishwashing Liquid Fragrance Free 	Dish	The Big Carrot	Nature Clean	C-14	Aqua/Water/Eau, Cocamine Oxide, Sodium Coco Sulfate, Cocamidopropylamine Oxide, Cocamidopropyl Betaine, Sodium Gluconate, Citric Acid	Nature Clean<br>Unscented	Nature Clean® Dishwashing Liquid provides a healthier clean without the use of potentially dangerous sulphates (SLES), alcohol ethoxylates, phthalates, parabens, perfumes, dyes or petroleum ingredients. This product is fragrance-free and clinically tested to be non-irritating.	Gluten Free<br>Biodegradable<br>Cruelty Free Vegan<br>Dermatologist Tested	Aqua/Water/Eau, Cocamine Oxide, Sodium Coco Sulfate, Cocamidopropylamine Oxide, Cocamidopropyl Betaine, Sodium Gluconate, Citric Acid			
P-85	Multi-Surface Spray Cleaner Lemom Verbena	All purpose	The Big Carrot	Nature Clean 	C-14	Aqua/Water/Eau, Decyl Glucoside, Sodium Citrate, Tetrasodium Iminodisuccinate, Sodium Bicarbonate, Melaleuca Alternifolia (Tea Tree) Leaf Oil, Citrus Medica Limonum (Lemon) Peel Oil, Cymbopogon Schoenanthus Oil.	Nature Clean<br>Spray Cleaner 	Nature Clean® Multi-Surface Spray Cleaner has a unique formula that will leave your home clean and smelling fresh! This spray removes tough grease, grime, sticky residues and scum without the use of petroleum solvents, alcohol ethoxylates, potentially dangerous sulfates (SLES), synthetic perfumes, dyes and animal by-products. This product is biodegradable and not tested on animals.	Gluten Free<br>Biodegradable<br>Cruelty Free Vegan	Aqua/Water/Eau, Decyl Glucoside, Sodium Citrate, Tetrasodium Iminodisuccinate, Sodium Bicarbonate, Melaleuca Alternifolia (Tea Tree) Leaf Oil, Citrus Medica Limonum (Lemon) Peel Oil, Cymbopogon Schoenanthus Oil.			
P-86	Shampoo, Rosemary, Mint, Vanilla	Shampoo	Petros	Good Filling (Plaine Products) 	C-1	Organic Aloe Barbadensis Leaf Juice, Vegetable Glycerin, Saponified Oils of Coconut and Safflower Seed, Guar Gum and Irish Moss (Red Algae Extract – Carrageen). Organic Camellia, Sunflower and Ricebran Oils. Extracts of Chamomile and Quillaja Saponaria. Papaya and Pineapple Pulp Extracts. Rosemary Oleoresin, Vitamin E Complex, Organic Green Tea, Geogard Ultra and Potassium Sorbate.	Good Filling<br>Rosemary, Mint, Vanilla	Plaine Products Shampoos will gently cleanse your hair with luxurious lather. Our vegan ingredients and aloe based shampoos will restore essential nutrients while adding hydration and enhancing hairs texture.	Vegan<br>Cruelty Free<br>Compostable<br>All Natural<br>Preservative Free	Organic Aloe Barbadensis Leaf Juice, Vegetable Glycerin, Saponified Oils of Coconut and Safflower Seed, Guar Gum and Irish Moss (Red Algae Extract – Carrageen). Organic Camellia, Sunflower and Ricebran Oils. Extracts of Chamomile and Quillaja Saponaria. Papaya and Pineapple Pulp Extracts. Rosemary Oleoresin, Vitamin E Complex, Organic Green Tea, Geogard Ultra and Potassium Sorbate.			
P-87	Conditioner Rosemary, Mint, Vanilla	Conditioner	Petros	Good Filling (Plaine Products) 	C-1	Organic Aloe Barbadensis Leaf Juice, Vegetable Emulsifiers and Glycerin, Alpha Hydroxy Acids from Sugarcane, and Fruit Extracts of Bilberry and Olive. Shea and Mango Butters, Guar Gum, Irish Moss (Red Algae Extract – Carrageen), Organic Camellia, Sunflower and Jojoba Seed Oils. Papaya and Pineapple Pulp Extracts, Rosemary Oleoresin, Vitamin E Complex, Organic Green Tea, Geogard Ultra, and Potassium Sorbate.	Good Filling<br>Rosemary, Mint, Vanilla	Plaine Products Conditioners will help bring dull hair back to life! Our vegan ingredients and aloe based conditioners will restore essential nutrients and add hydration, shine and manageability without weighing hair down.	Vegan<br>Cruelty Free<br>Compostable<br>All Natural<br>Preservative Free	Organic Aloe Barbadensis Leaf Juice, Vegetable Emulsifiers and Glycerin, Alpha Hydroxy Acids from Sugarcane, and Fruit Extracts of Bilberry and Olive. Shea and Mango Butters, Guar Gum, Irish Moss (Red Algae Extract – Carrageen), Organic Camellia, Sunflower and Jojoba Seed Oils. Papaya and Pineapple Pulp Extracts, Rosemary Oleoresin, Vitamin E Complex, Organic Green Tea, Geogard Ultra, and Potassium Sorbate.			
P-88	Hand Sanitizer, Pepermint	Hand Sanitizer	Petros	Good Filling (Plaine Products) 	C-1	Water, Peppermint essential oil, Ethyl Alcohol 70%	Good Filling<br>Pepermint	Plaine Products Hand Sanitizer has been formulated without harsh chemicals or synthetic fragrance to safely sanitize your skin without drying. The combination of ethyl alcohol and peppermint essential oil has significant antimicrobial and antiviral properties to keep you safe without leaving a sticky residue.	Vegan<br>Cruelty Free<br>Compostable<br>All Natural<br>Preservative Free	Water, Peppermint essential oil, Ethyl Alcohol 70%			
P-89	Body Wash, Rosemary, Mint, Vanilla	Bodywash	Petros	Good Filling (Plaine Products) 	C-1	Organic Aloe Barbadensis Leaf Juice, Vegetable Glycerin, Saponified Oils of Coconut and Safflower Seed, Guar Gum, Organic Camellia, Sunflower and Ricebran Seed Oils. Chamomile, Sage, and Quillaja Saponaria Extracts. Papaya and Pineapple Pulp Extracts. Bamboo Silk, Rosemary Oleoresin, Vitamin E Complex, Organic Green Tea, Geogard Ultra, and Potassium Sorbate.	Good Filling<br>Rosemary, Mint, Vanilla	Plaine Products Body Wash will gently cleanse your skin while improving tone and texture. With aloe as the main ingredient, daily use will restore nutrients and powerful antioxidants without drying.	Vegan<br>Cruelty Free<br>Compostable<br>All Natural<br>Preservative Free	Organic Aloe Barbadensis Leaf Juice, Vegetable Glycerin, Saponified Oils of Coconut and Safflower Seed, Guar Gum, Organic Camellia, Sunflower and Ricebran Seed Oils. Chamomile, Sage, and Quillaja Saponaria Extracts. Papaya and Pineapple Pulp Extracts. Bamboo Silk, Rosemary Oleoresin, Vitamin E Complex, Organic Green Tea, Geogard Ultra, and Potassium Sorbate.			
P-90	Multi-Surface Cleaner Concentrate	All purpose	Good Filling	Puracy	C-1	Purified Water, Decyl Glucoside (Vegetable-Based Cleanser), C10-C16 Alcohol Ethoxylate (Plant-Based Cleanser), Benzisothiazolinone (Biodegradable Preservative), Sodium Citrate (Plant-Based PH Neutralizer), Natural Fragrance, Citric Acid ( Plant-Based pH Neutralizer).	Puracy Surface Cleaner<br>Concentrate Green Tea and Lime	2x concentrated natural multi-surface cleaner from Puracy.<br>The natural, all-around-the-house, general-purpose cleaner.<br>Engineered to be tough on dirt & grime, but gentle on skin.<br><br>99.9% Natural<br>Sulfate and Phosphate Free<br>Vegan	99.9% Natural<br>Sulfate and Phosphate Free<br>Vegan	Purified Water, Decyl Glucoside (Vegetable-Based Cleanser), C10-C16 Alcohol Ethoxylate (Plant-Based Cleanser), Benzisothiazolinone (Biodegradable Preservative), Sodium Citrate (Plant-Based PH Neutralizer), Natural Fragrance, Citric Acid ( Plant-Based pH Neutralizer).<br><br>Instructions:<br>Add 1 part water per 1 part of Puracy Natural Surface Cleaner, mix and enjoy. 			
P-91	Cascade Hop	Kombucha		Oddity Kombucha		The tea serves as the base and provides nutrients for fermentation. Sugar acts as the food source for the SCOBY during fermentation. Water is used to brew the tea and create the kombucha mixture. The SCOBY, a symbiotic mass of bacteria and yeast, initiates and maintains the fermentation process. Additional flavorings like fruits, herbs, spices, or juices can be added to enhance the taste. Commercial kombucha adheres to regulations limiting the alcohol content to below 0.5% by volume.	Oddity Kombucha - Cascade Hop<br>Refreshing and gently hoppy	Kombucha is a fermented tea beverage that has gained popularity due to its potential health benefits and unique flavor profile. It is made through a process of fermenting sweetened tea with a symbiotic culture of bacteria and yeast, often referred to as a SCOBY (Symbiotic Culture of Bacteria and Yeast). Locally brewed in the Vancouver BC region.		Oddity Kombucha - Cascade Hop, combines the invigorating flavors of fermented tea with the distinctive essence of Cascade hops. Made with water, organic cane sugar, black tea, green tea, live Kombucha SCOBY (Symbiotic Culture of Bacteria and Yeast) and a touch of dried Cascade hops for a unique and refreshing brew.			
P-92	Hisbiscus-Mint	Hisbiscus-Mint		Oddity Kombucha			Oddity Kombucha - Hisbiscus-Mint<br>Delighted with floral flavor 	Kombucha is a fermented tea beverage that has gained popularity due to its potential health benefits and unique flavor profile. It is made through a process of fermenting sweetened tea with a symbiotic culture of bacteria and yeast, often referred to as a SCOBY (Symbiotic Culture of Bacteria and Yeast). Locally brewed in the Vancouver BC region.		Oddity Kombucha - Hibiscus Mint is a delightful blend of tangy hibiscus petals and refreshing mint leaves. Crafted with water, organic cane sugar, black tea, green tea, hibiscus petals, live Kombucha SCOBY (Symbiotic Culture of Bacteria and Yeast) and fresh mint for a vibrant and invigorating kombucha experience.			
P-93	Sweet Tea	Tea		Faculty Brewing			Faculty Brewing - Sweet Tea<br>Refreshing and smooth	Our refreshing sweet tea is the perfect blend of high-quality tea leaves, natural flavors, and a hint of sweetness. It's a delicious and invigorating beverage that will quench your thirst and leave you feeling revitalized. Enjoy it on a hot summer day or whenever you need a cool and refreshing pick-me-up.		Faculty Brewing - Sweet Tea is a classic and refreshing drink made with water, black tea leaves, and just the right amount of sugar for a perfectly balanced, smooth, and satisfying beverage.			
P-94	Passionfruit Mango Probiotic Soda	Probiotic Soda		Faculty Brewing			Faculty Brewing - Passionfruit Mango<br>Probiotic soda	Indulge in the delightful fusion of tangy passionfruit and juicy mango in this probiotic soda. Its bubbly effervescence, refreshing flavors, and gut-friendly benefits make it a perfect guilt-free treat for a tropical escape.		Faculty Brewing - Passionfruit Mango Probiotic Soda is made with a tantalizing blend of organic passionfruit and mango flavouring. Enhanced with gut-friendly probiotics, it's a refreshing treat crafted with natural ingredients for a vibrant and flavorful experience.			
P-95	Ginger	Ginger Kombucha		Oddity Kombucha			Oddity Kombucha - Ginger<br>Tangy and effervescent qualities	Kombucha is a fermented tea beverage that has gained popularity due to its potential health benefits and unique flavor profile. It is made through a process of fermenting sweetened tea with a symbiotic culture of bacteria and yeast, often referred to as a SCOBY (Symbiotic Culture of Bacteria and Yeast). Locally brewed in the Vancouver BC region.		Oddity Kombucha - Ginger is a zesty and invigorating beverage crafted with water, organic cane sugar, black tea, green tea, live Kombucha SCOBY (Symbiotic Culture of Bacteria and Yeast) and a generous amount of fresh ginger. Enjoy the spicy kick and gut-friendly benefits in every sip.			
P-96	Beer	Beer					Draught<br>Home Made Flavour	Indulge in the rich and robust flavors of our meticulously crafted home brew draught. Bursting with notes of caramel and toasted malt, this artisanal creation tantalizes your palate with hints of citrus and a touch of hoppy bitterness. Raise your glass to the perfect balance of smoothness and complexity, delivering a truly satisfying drinking experience. Cheers to the artistry of home brewing! --ChatGPT review		Water, Syrup, Yeast			
P-97	Multi Surface Cleaner, Mama Suds	All purpose		Mama Suds							6.3	Made by real Mamas, Goodrich, Michigan 48438, USA	
P-98	Sparkling Lemon Water	Sparkling Water		Faculty Brewing			Faculty Brewing - Sparkling<br>Lemon Water	Experience the effervescence of our lemon carbonated water. A perfect blend of tangy lemon zest and fine bubbles. Pure, refreshing, and invigorating. Elevate your hydration game and savor the burst of natural citrus flavor in each sip.		Carbonated water, natural lemon extract, citric acid, minerals for added taste, free from artificial flavors and colors. Non-GMO			
P-99	Pineapple Probiotic Soda	Probiotic Soda		Faculty Brewing			Faculty Brewing - Pineapple<br>Probiotic soda						
P-100	Orange Probiotic Soda	Probiotic Soda		Faculty Brewing			Faculty Brewing - Orange<br>Probiotic soda						